timestamp_utc,soc,fracsec,idcode,stat_hex,crc_ok,frequency_hz,rocof_hz_s,frame_bytes,PZR.AI_mag,PZR.AI_angle_deg,PZR.BV_mag,PZR.BV_angle_deg,PZR.CI_mag,PZR.CI_angle_deg,PZR.AV_mag,PZR.AV_angle_deg,PZR.BI_mag,PZR.BI_angle_deg,PZR.CV_mag,PZR.CV_angle_deg,ANA1,ANA2,ANA3,digital_hex
2026-07-08T11:39:27.733333Z,1783510767,733333,1,0x0000,true,60.010742,0.000826,88,99.990829,74.161805,79.995140,-109.416407,69.989807,-70.228948,50.000000,-108.103112,85.003220,-107.513024,75.022385,-37.553965,0.000000,0.000000,0.000000,0x0008
2026-07-08T11:39:27.766666Z,1783510767,766666,1,0x0000,true,60.002689,-0.000268,88,50.000000,109.552218,84.992165,-74.066148,74.982887,-34.864994,55.016281,-71.336094,89.999527,-71.197373,80.034355,-0.607252,0.000000,0.000000,0.000000,0x0009
2026-07-08T11:39:27.8Z,1783510767,800000,1,0x0000,true,59.984550,-0.000605,88,55.013161,144.760955,89.995232,-37.305134,79.993355,0.428550,60.026051,-36.153001,95.003670,-34.781181,85.048790,34.562786,0.000000,0.000000,0.000000,0x000A
2026-07-08T11:39:27.833333Z,1783510767,833333,1,0x0000,true,60.004181,0.000654,88,60.010250,-180.000005,95.011627,-1.503218,84.997276,35.779215,65.038803,-0.614713,99.994476,0.985472,90.041138,70.577328,0.000000,0.000000,0.000000,0x000B
2026-07-08T11:39:27.866666Z,1783510767,866666,1,0x0000,true,60.005116,0.000031,88,65.012260,-144.835732,50.000000,34.140277,90.013435,72.097776,70.027046,35.918927,50.000000,37.646524,95.026047,107.410674,0.000000,0.000000,0.000000,0x000C
2026-07-08T11:39:27.9Z,1783510767,900000,1,0x0000,true,59.993656,-0.000382,88,70.004356,-108.054959,55.009335,70.228435,95.003006,108.499338,75.027390,71.687268,54.994518,73.027966,50.000000,144.200251,0.000000,0.000000,0.000000,0x000D
2026-07-08T11:39:27.933333Z,1783510767,933333,1,0x0000,true,59.988838,-0.000161,88,74.998940,-71.787160,60.024895,106.424367,99.999214,145.167557,80.039177,107.959841,59.991837,109.068388,55.010952,-180.000005,0.000000,0.000000,0.000000,0x000E
2026-07-08T11:39:27.966666Z,1783510767,966666,1,0x0000,true,59.993557,0.000157,88,79.984482,-36.036420,65.012497,142.010862,50.000000,-180.000005,85.052376,143.654396,65.007774,144.156771,60.024422,-144.876659,0.000000,0.000000,0.000000,0x000F
2026-07-08T11:39:28Z,1783510768,0,1,0x0000,true,60.001465,0.000264,88,84.998497,-0.940698,70.023369,178.385499,55.013836,-144.258185,90.049477,179.508832,70.003799,-180.000005,65.020668,-108.575986,0.000000,0.000000,0.000000,0x0000
2026-07-08T11:39:28.033333Z,1783510768,33333,1,0x0000,true,59.992737,-0.000291,88,90.001587,34.924516,75.011581,-180.000005,60.016682,-108.687953,95.056656,-180.000005,74.992722,-144.950971,70.030029,-72.410189,0.000000,0.000000,0.000000,0x0001
2026-07-08T11:39:28.066666Z,1783510768,66666,1,0x0000,true,59.998302,0.000186,88,95.009491,71.125048,80.002731,-144.284290,65.012520,-72.663910,50.000000,-143.119333,79.989632,-108.412608,75.020584,-36.136099,0.000000,0.000000,0.000000,0x0002
2026-07-08T11:39:28.1Z,1783510768,100000,1,0x0000,true,59.986340,-0.000399,88,50.000000,107.682584,85.010262,-108.160403,70.017113,-36.449445,55.007294,-106.203923,85.004517,-71.777379,80.010925,-0.570475,0.000000,0.000000,0.000000,0x0003
2026-07-08T11:39:28.133333Z,1783510768,133333,1,0x0000,true,60.012547,0.000874,88,54.995087,144.127046,90.015297,-72.089382,75.000610,-0.305856,60.003559,-70.113900,89.996910,-36.720125,84.995193,36.255235,0.000000,0.000000,0.000000,0x0004
2026-07-08T11:39:28.166666Z,1783510768,166666,1,0x0000,true,59.989040,-0.000784,88,60.007729,-180.000005,95.006866,-36.875805,79.986778,35.460447,65.007698,-34.893213,95.007744,-0.833578,90.011002,71.794454,0.000000,0.000000,0.000000,0x0005
2026-07-08T11:39:28.2Z,1783510768,200000,1,0x0000,true,59.984962,-0.000136,88,65.003349,-143.478833,50.000000,-0.149822,84.984192,70.786400,70.014702,1.935528,50.000000,35.137485,94.999397,108.315968,0.000000,0.000000,0.000000,0x0006
2026-07-08T11:39:28.233333Z,1783510768,233333,1,0x0000,true,59.984676,-0.000010,88,69.996170,-107.584823,55.006397,35.436961,89.982994,107.135274,75.010193,38.799825,55.011528,70.218750,50.000000,143.551862,0.000000,0.000000,0.000000,0x0007
2026-07-08T11:39:28.266666Z,1783510768,266666,1,0x0000,true,60.006783,0.000737,88,75.009201,-70.831445,59.989918,71.329865,94.996399,143.027822,80.022392,74.934729,60.018234,106.410891,54.998577,179.431119,0.000000,0.000000,0.000000,0x0008
2026-07-08T11:39:28.3Z,1783510768,300000,1,0x0000,true,60.011505,0.000157,88,80.000076,-35.069224,64.980492,108.280013,50.000000,179.878592,85.035454,110.515097,65.020683,142.209374,59.985245,-180.000005,0.000000,0.000000,0.000000,0x0009
2026-07-08T11:39:28.333333Z,1783510768,333333,1,0x0000,true,60.006943,-0.000152,88,84.996170,1.742906,69.987709,145.104623,54.999527,-180.000005,90.036041,146.892070,70.028008,178.052213,64.974564,-144.240468,0.000000,0.000000,0.000000,0x000A
2026-07-08T11:39:28.366666Z,1783510768,366666,1,0x0000,true,59.984531,-0.000747,88,89.992119,37.878043,74.978409,-180.000005,59.986313,-143.714311,95.032982,-180.000005,75.025398,-180.000005,69.961006,-107.721632,0.000000,0.000000,0.000000,0x000B
2026-07-08T11:39:28.4Z,1783510768,400000,1,0x0000,true,59.983990,-0.000018,88,94.992989,73.229525,79.981140,-143.187171,64.997063,-107.539539,50.000000,-144.140501,80.012314,-143.170682,74.956802,-72.281324,0.000000,0.000000,0.000000,0x000C
2026-07-08T11:39:28.433333Z,1783510768,433333,1,0x0000,true,60.004074,0.000669,88,50.000000,109.251061,84.993149,-106.332549,69.985184,-72.301247,54.994305,-107.897011,85.010132,-107.247651,79.969650,-37.075267,0.000000,0.000000,0.000000,0x000D
2026-07-08T11:39:28.466666Z,1783510768,466666,1,0x0000,true,59.991348,-0.000424,88,54.997200,145.975240,89.985008,-70.466754,74.991531,-35.386882,59.982552,-72.266919,89.994682,-71.972818,84.981674,-0.657151,0.000000,0.000000,0.000000,0x000E
2026-07-08T11:39:28.5Z,1783510768,500000,1,0x0000,true,60.004959,0.000454,88,60.010014,-180.000005,94.978134,-34.330218,79.992172,-0.029572,64.991760,-35.736776,94.989006,-36.391456,89.974258,34.806938,0.000000,0.000000,0.000000,0x000F
2026-07-08T11:39:28.533333Z,1783510768,533333,1,0x0000,true,59.994289,-0.000356,88,65.024757,-143.468820,99.969368,0.932960,85.000916,35.692260,69.986519,0.195176,99.979042,-1.155789,94.968697,70.950994,0.000000,0.000000,0.000000,0x0000
2026-07-08T11:39:28.566666Z,1783510768,566666,1,0x0000,true,60.009926,0.000521,88,70.015022,-106.672720,50.000000,36.383178,89.990456,72.544901,74.984116,36.709931,50.000000,35.521932,99.958099,106.825183,0.000000,0.000000,0.000000,0x0001
2026-07-08T11:39:28.6Z,1783510768,600000,1,0x0000,true,59.991047,-0.000629,88,75.011177,-69.759290,54.999107,72.659662,94.980667,108.845744,79.977615,72.962396,55.000660,71.933346,50.000000,142.699905,0.000000,0.000000,0.000000,0x0002
2026-07-08T11:39:28.633333Z,1783510768,633333,1,0x0000,true,60.009304,0.000609,88,79.999374,-32.975371,59.993107,109.233638,99.973167,144.794013,84.974495,108.677230,60.010788,107.982805,55.009853,178.007967,0.000000,0.000000,0.000000,0x0003
2026-07-08T11:39:28.666666Z,1783510768,666666,1,0x0000,true,59.990810,-0.000616,88,85.015617,2.183824,65.008736,145.635438,50.000000,179.923193,89.980057,144.776282,64.995361,143.902223,59.998978,-180.000005,0.000000,0.000000,0.000000,0x0004
2026-07-08T11:39:28.7Z,1783510768,700000,1,0x0000,true,60.009525,0.000624,88,90.006325,37.963998,69.999016,-180.000005,54.984531,-180.000005,94.996254,-180.000005,69.983711,-180.000005,64.986313,-144.569259,0.000000,0.000000,0.000000,0x0005
2026-07-08T11:39:28.733333Z,1783510768,733333,1,0x0000,true,59.997604,-0.000397,88,95.004143,73.238541,74.988014,-144.585105,59.988716,-144.469006,50.000000,-143.401488,74.987938,-143.592146,69.999313,-108.574531,0.000000,0.000000,0.000000,0x0006
2026-07-08T11:39:28.766666Z,1783510768,766666,1,0x0000,true,59.988014,-0.000320,88,50.000000,109.628156,79.980453,-109.152836,64.988426,-107.653029,55.003773,-107.634547,79.994804,-108.386558,75.005196,-72.038272,0.000000,0.000000,0.000000,0x0007
2026-07-08T11:39:28.8Z,1783510768,800000,1,0x0000,true,59.990128,0.000070,88,55.003082,145.619210,84.995575,-72.680863,69.983643,-71.510551,59.994892,-71.709063,84.985832,-71.679516,80.011528,-35.534708,0.000000,0.000000,0.000000,0x0008
2026-07-08T11:39:28.833333Z,1783510768,833333,1,0x0000,true,60.007339,0.000574,88,60.007030,-180.000005,90.008720,-36.414815,74.999756,-34.669279,64.992432,-35.855273,90.002197,-35.979835,85.009041,0.197906,0.000000,0.000000,0.000000,0x0009
2026-07-08T11:39:28.866666Z,1783510768,866666,1,0x0000,true,60.009388,0.000068,88,65.007477,-143.207046,95.013947,-0.955797,80.009964,2.016895,70.004028,-0.614593,94.991653,-0.196629,90.025558,35.901609,0.000000,0.000000,0.000000,0x000A
2026-07-08T11:39:28.9Z,1783510768,900000,1,0x0000,true,59.989574,-0.000660,88,70.006622,-107.180148,50.000000,34.241460,85.020317,37.944242,75.004288,34.953828,99.976639,36.077056,95.014618,72.751214,0.000000,0.000000,0.000000,0x000B
2026-07-08T11:39:28.933333Z,1783510768,933333,1,0x0000,true,59.997757,0.000273,88,75.002098,-70.501841,55.003738,69.795019,90.009895,73.557715,79.996765,70.259499,50.000000,72.768241,50.000000,108.724256,0.000000,0.000000,0.000000,0x000C
2026-07-08T11:39:28.966666Z,1783510768,966666,1,0x0000,true,60.011944,0.000473,88,80.004211,-34.831885,60.015808,105.599151,94.993637,108.758530,85.010178,106.343286,54.991249,107.836857,54.999741,143.815261,0.000000,0.000000,0.000000,0x000D
2026-07-08T11:39:29Z,1783510769,0,1,0x0000,true,60.003757,-0.000273,88,85.005348,0.345904,65.031837,141.745017,99.998672,145.320553,90.023979,142.254016,60.007847,144.415266,60.009502,-180.000005,0.000000,0.000000,0.000000,0x000E
2026-07-08T11:39:29.033333Z,1783510769,33333,1,0x0000,true,60.002689,-0.000036,88,89.997482,36.847426,70.020515,176.858405,50.000000,-180.000005,95.017754,178.880619,65.010902,179.572941,65.020721,-144.755068,0.000000,0.000000,0.000000,0x000F
2026-07-08T11:39:29.066666Z,1783510769,66666,1,0x0000,true,60.005959,0.000109,88,94.999588,72.134967,75.009651,-180.000005,55.002220,-144.209336,50.000000,-180.000005,70.009232,-180.000005,70.028633,-107.873166,0.000000,0.000000,0.000000,0x0000
2026-07-08T11:39:29.1Z,1783510769,100000,1,0x0000,true,60.004379,-0.000053,88,50.000000,108.050717,80.023575,-144.422670,59.989063,-107.351217,55.009537,-143.715950,74.992714,-144.158041,75.022148,-72.709659,0.000000,0.000000,0.000000,0x0001
2026-07-08T11:39:29.133333Z,1783510769,133333,1,0x0000,true,60.012333,0.000265,88,55.003307,144.216166,85.030098,-108.574299,64.998772,-71.468285,60.010651,-107.348423,80.000053,-108.885127,80.038315,-37.343315,0.000000,0.000000,0.000000,0x0002
2026-07-08T11:39:29.166666Z,1783510769,166666,1,0x0000,true,60.009480,-0.000095,88,60.011097,-180.000005,90.023621,-72.858646,70.015373,-35.499789,65.024681,-70.564098,85.002960,-72.949911,85.023834,-1.967295,0.000000,0.000000,0.000000,0x0003
2026-07-08T11:39:29.2Z,1783510769,200000,1,0x0000,true,59.987843,-0.000721,88,65.017441,-143.750688,95.030594,-36.564680,75.003349,0.768182,70.008751,-34.655229,89.994354,-36.545491,90.008835,34.031920,0.000000,0.000000,0.000000,0x0004
2026-07-08T11:39:29.233333Z,1783510769,233333,1,0x0000,true,60.006142,0.000610,88,70.022194,-108.181918,50.000000,-0.768826,80.006676,35.869384,75.013000,1.469592,95.006889,-1.293504,95.019012,69.787437,0.000000,0.000000,0.000000,0x0005
2026-07-08T11:39:29.266666Z,1783510769,266666,1,0x0000,true,60.014912,0.000292,88,75.014046,-71.453894,55.013157,36.102754,85.011436,72.698881,80.016693,37.695131,50.000000,34.175132,50.000000,105.418403,0.000000,0.000000,0.000000,0x0006
2026-07-08T11:39:29.3Z,1783510769,300000,1,0x0000,true,60.012836,-0.000069,88,80.010300,-34.783981,59.996513,72.597227,90.024117,109.210545,85.017693,74.513962,54.993301,69.456610,54.997890,142.093329,0.000000,0.000000,0.000000,0x0007
2026-07-08T11:39:29.333333Z,1783510769,333333,1,0x0000,true,59.995068,-0.000592,88,85.007004,0.554618,64.982971,109.321638,95.027672,146.107828,90.012779,111.399648,60.004074,105.937737,59.987396,178.103384,0.000000,0.000000,0.000000,0x0008
2026-07-08T11:39:29.366666Z,1783510769,366666,1,0x0000,true,60.008358,0.000443,88,90.020035,35.667883,69.993683,145.877896,50.000000,-180.000005,95.002289,148.152144,65.018135,142.442407,64.997116,-180.000005,0.000000,0.000000,0.000000,0x0009
2026-07-08T11:39:29.4Z,1783510769,400000,1,0x0000,true,59.984417,-0.000798,88,95.011536,71.473586,75.001297,-180.000005,55.010185,-143.302123,50.000000,-180.000005,70.030159,178.078850,70.002739,-144.794874,0.000000,0.000000,0.000000,0x000A
2026-07-08T11:39:29.433333Z,1783510769,433333,1,0x0000,true,59.991055,0.000221,88,99.997948,106.955571,79.993645,-144.772498,60.005527,-108.113493,55.007206,-143.050143,75.025436,-180.000005,75.009308,-109.655668,0.000000,0.000000,0.000000,0x000B
2026-07-08T11:39:29.466666Z,1783510769,466666,1,0x0000,true,60.016373,0.000844,88,50.000000,142.867176,85.006355,-108.700254,64.999382,-72.027494,59.998978,-107.650345,80.041351,-144.854502,80.003250,-74.569506,0.000000,0.000000,0.000000,0x000C
2026-07-08T11:39:29.5Z,1783510769,500000,1,0x0000,true,60.006836,-0.000318,88,55.003426,178.736242,90.015678,-73.162609,70.005264,-36.801035,65.002922,-71.063023,85.030479,-109.544814,85.018456,-39.219247,0.000000,0.000000,0.000000,0x000D
2026-07-08T11:39:29.533333Z,1783510769,533333,1,0x0000,true,59.998394,-0.000281,88,60.010891,-180.000005,95.003075,-37.023566,74.997620,-0.787308,70.015083,-34.264474,90.043610,-73.511851,90.022545,-2.271077,0.000000,0.000000,0.000000,0x000E
2026-07-08T11:39:29.566666Z,1783510769,566666,1,0x0000,true,60.016224,0.000594,88,65.024727,-143.312614,99.988197,-0.464398,80.010956,34.729705,75.024078,1.347779,95.045830,-37.906768,95.030594,33.362800,0.000000,0.000000,0.000000,0x000F
2026-07-08T11:39:29.6Z,1783510769,600000,1,0x0000,true,60.004326,-0.000397,88,70.040535,-106.419408,50.000000,35.236393,85.001099,71.326354,80.010780,37.038135,50.000000,-2.079264,50.000000,69.526558,0.000000,0.000000,0.000000,0x0000
2026-07-08T11:39:29.633333Z,1783510769,633333,1,0x0000,true,60.004513,0.000006,88,75.056564,-70.315049,54.990726,71.703934,89.985519,107.915889,85.008568,73.197348,55.013481,34.109323,54.988045,105.225833,0.000000,0.000000,0.000000,0x0001
2026-07-08T11:39:29.666666Z,1783510769,666666,1,0x0000,true,60.016106,0.000386,88,80.053802,-34.236159,60.004459,107.927022,94.982506,144.367222,90.020645,108.244927,59.997608,69.471821,59.972240,140.914029,0.000000,0.000000,0.000000,0x0002
2026-07-08T11:39:29.7Z,1783510769,700000,1,0x0000,true,59.989429,-0.000889,88,85.039177,0.832168,65.000893,144.271354,99.987007,-180.000005,95.025696,144.407630,64.988846,105.805422,64.969727,177.410475,0.000000,0.000000,0.000000,0x0003
2026-07-08T11:39:29.733333Z,1783510769,733333,1,0x0000,true,59.994144,0.000157,88,90.041656,36.021321,69.986725,-180.000005,50.000000,-144.369681,50.000000,179.773857,69.987862,142.729111,69.956543,-180.000005,0.000000,0.000000,0.000000,0x0004
2026-07-08T11:39:29.766666Z,1783510769,766666,1,0x0000,true,59.992775,-0.000046,88,95.040588,72.476975,74.992149,-143.693916,55.014015,-108.956298,54.992786,-180.000005,74.989594,179.160165,74.953758,-143.135070,0.000000,0.000000,0.000000,0x0005
2026-07-08T11:39:29.8Z,1783510769,800000,1,0x0000,true,60.003441,0.000356,88,50.000000,107.985714,79.979614,-107.145007,60.004368,-73.534404,59.992065,-144.227463,79.990547,-180.000005,79.969124,-106.688217,0.000000,0.000000,0.000000,0x0006
2026-07-08T11:39:29.833333Z,1783510769,833333,1,0x0000,true,59.995998,-0.000248,88,55.000187,144.068798,84.991852,-71.970830,64.987816,-36.710966,64.988876,-108.550045,84.996040,-144.263130,84.970779,-70.645985,0.000000,0.000000,0.000000,0x0007
2026-07-08T11:39:29.866666Z,1783510769,866666,1,0x0000,true,59.988640,-0.000245,88,60.011616,-180.000005,89.986877,-36.380436,69.993179,-0.570991,69.988373,-73.482358,89.996811,-108.110563,89.971931,-35.398777,0.000000,0.000000,0.000000,0x0008
2026-07-08T11:39:29.9Z,1783510769,900000,1,0x0000,true,60.006367,0.000591,88,65.027573,-144.504154,94.998596,0.069388,75.000267,36.255245,74.978569,-36.670869,95.001350,-71.265675,94.957504,1.503755,0.000000,0.000000,0.000000,0x0009
2026-07-08T11:39:29.933333Z,1783510769,933333,1,0x0000,true,60.004688,-0.000056,88,70.041222,-108.317142,50.000000,36.172760,80.007980,72.863720,79.966049,-0.228797,99.989868,-35.855908,99.958542,37.622570,0.000000,0.000000,0.000000,0x000A
2026-07-08T11:39:29.966666Z,1783510769,966666,1,0x0000,true,60.000488,-0.000140,88,75.038261,-73.231096,54.986816,72.314307,84.995674,109.245003,84.961739,35.660431,50.000000,0.817210,50.000000,72.749417,0.000000,0.000000,0.000000,0x000B
2026-07-08T11:39:30Z,1783510770,0,1,0x0000,true,59.999828,-0.000022,88,80.042496,-38.179087,59.981506,108.514665,89.994247,144.390445,89.946762,71.624731,54.986034,37.022405,55.001663,108.103637,0.000000,0.000000,0.000000,0x000C
2026-07-08T11:39:30.033333Z,1783510770,33333,1,0x0000,true,59.996742,-0.000103,88,85.026787,-2.733941,64.987358,144.869009,94.998734,-180.000005,94.943489,107.599406,59.986286,73.291249,59.987942,143.915050,0.000000,0.000000,0.000000,0x000D
2026-07-08T11:39:30.066666Z,1783510770,66666,1,0x0000,true,60.010010,0.000442,88,90.022125,33.771604,69.995171,-180.000005,99.989983,-144.436125,99.956192,142.693443,64.997742,109.528681,64.975014,179.068941,0.000000,0.000000,0.000000,0x000E
2026-07-08T11:39:30.1Z,1783510770,100000,1,0x0000,true,59.984596,-0.000847,88,95.036392,70.155332,75.002739,-143.664478,50.000000,-107.985195,50.000000,177.834398,70.010269,145.460749,69.975639,-180.000005,0.000000,0.000000,0.000000,0x000F
2026-07-08T11:39:30.133333Z,1783510770,133333,1,0x0000,true,59.987907,0.000110,88,50.000000,106.687924,80.003220,-107.877545,55.009476,-72.438746,54.989094,-180.000005,75.011024,-180.000005,74.968590,-143.216663,0.000000,0.000000,0.000000,0x0000
2026-07-08T11:39:30.166666Z,1783510770,166666,1,0x0000,true,59.985306,-0.000087,88,54.986748,141.733747,84.994102,-72.099409,59.996681,-36.108758,59.977257,-143.819755,80.003487,-143.473820,79.961258,-107.505210,0.000000,0.000000,0.000000,0x0001
2026-07-08T11:39:30.2Z,1783510770,200000,1,0x0000,true,59.984367,-0.000031,88,59.992897,177.775330,89.991676,-36.506856,65.013184,-0.170453,64.973381,-107.337932,85.001617,-108.362474,84.964188,-71.534730,0.000000,0.000000,0.000000,0x0002
2026-07-08T11:39:30.233333Z,1783510770,233333,1,0x0000,true,60.014416,0.001002,88,64.991783,-180.000005,94.993797,-0.626953,70.011757,34.996496,69.989311,-71.663485,90.005180,-72.483327,89.963715,-35.245893,0.000000,0.000000,0.000000,0x0003
2026-07-08T11:39:30.266666Z,1783510770,266666,1,0x0000,true,59.988159,-0.000875,88,69.978775,-143.135411,99.993294,35.656173,75.013519,70.292605,74.992226,-34.827575,95.000252,-36.761963,94.953339,1.581391,0.000000,0.000000,0.000000,0x0004
2026-07-08T11:39:30.3Z,1783510770,300000,1,0x0000,true,60.007992,0.000661,88,74.965614,-107.809810,50.000000,72.170866,80.028351,105.442650,80.006012,2.084399,50.000000,-0.966401,99.954468,37.674155,0.000000,0.000000,0.000000,0x0005
2026-07-08T11:39:30.333333Z,1783510770,333333,1,0x0000,true,60.006775,-0.000041,88,79.959549,-72.661745,54.988483,107.722096,85.017937,141.795779,85.016495,38.680871,54.996929,34.284128,50.000000,73.115802,0.000000,0.000000,0.000000,0x0006
2026-07-08T11:39:30.366666Z,1783510770,366666,1,0x0000,true,60.006851,0.000003,88,84.944252,-37.166355,59.987839,143.528379,90.026939,177.857238,90.011803,75.271806,59.991901,70.295405,55.012146,108.796833,0.000000,0.000000,0.000000,0x0007
2026-07-08T11:39:30.4Z,1783510770,400000,1,0x0000,true,59.999798,-0.000235,88,89.944939,-0.262308,64.982323,179.250446,95.033524,-180.000005,95.009193,112.131967,64.979881,106.099011,60.002232,144.587441,0.000000,0.000000,0.000000,0x0008
2026-07-08T11:39:30.433333Z,1783510770,433333,1,0x0000,true,60.012627,0.000428,88,94.936440,35.007575,69.988625,-180.000005,50.000000,-144.105421,50.000000,147.738276,69.988861,141.267819,64.999153,179.646556,0.000000,0.000000,0.000000,0x0009
2026-07-08T11:39:30.466666Z,1783510770,466666,1,0x0000,true,59.985508,-0.000904,88,99.922661,71.950087,74.978363,-143.413960,55.014088,-108.257631,55.007431,-180.000005,75.002495,177.702370,70.010345,-180.000005,0.000000,0.000000,0.000000,0x000A
2026-07-08T11:39:30.5Z,1783510770,500000,1,0x0000,true,60.015007,0.000983,88,50.000000,108.355849,79.983994,-108.205687,60.018444,-72.920022,60.023655,-144.656918,80.003075,-180.000005,75.004738,-143.630095,0.000000,0.000000,0.000000,0x000B
2026-07-08T11:39:30.533333Z,1783510770,533333,1,0x0000,true,59.993988,-0.000701,88,55.015358,144.675933,84.987206,-72.455528,65.026802,-36.207560,65.010399,-107.823982,85.001167,-143.655503,80.016396,-107.191814,0.000000,0.000000,0.000000,0x000C
2026-07-08T11:39:30.566666Z,1783510770,566666,1,0x0000,true,59.987247,-0.000225,88,60.004768,-180.000005,89.972374,-36.442208,70.022659,0.063209,69.996742,-71.034179,90.008209,-107.284076,85.019104,-72.117311,0.000000,0.000000,0.000000,0x000D
2026-07-08T11:39:30.6Z,1783510770,600000,1,0x0000,true,59.998295,0.000368,88,64.989212,-143.405518,94.983208,-0.501396,75.032669,36.178122,75.009720,-34.144355,95.003906,-71.720026,90.024490,-36.319241,0.000000,0.000000,0.000000,0x000E
2026-07-08T11:39:30.633333Z,1783510770,633333,1,0x0000,true,60.002258,0.000132,88,69.977524,-108.188967,99.991096,34.752921,80.029282,72.683554,79.996407,2.599172,99.998344,-35.770647,95.022301,-0.293623,0.000000,0.000000,0.000000,0x000F
2026-07-08T11:39:30.666666Z,1783510770,666666,1,0x0000,true,60.015053,0.000426,88,74.977562,-71.237650,50.000000,69.819730,85.030045,107.844555,84.987373,39.330169,50.000000,0.781119,50.000000,35.641536,0.000000,0.000000,0.000000,0x0000
2026-07-08T11:39:30.7Z,1783510770,700000,1,0x0000,true,60.014107,-0.000032,88,79.987526,-34.789169,55.010864,105.548266,90.024673,143.248205,89.977364,74.728922,55.002377,37.097175,54.992882,71.126899,0.000000,0.000000,0.000000,0x0001
2026-07-08T11:39:30.733333Z,1783510770,733333,1,0x0000,true,59.989693,-0.000814,88,85.001968,0.544244,60.018085,142.453007,95.008369,-180.000005,94.992447,111.393180,60.014618,72.685063,59.987427,107.287041,0.000000,0.000000,0.000000,0x0002
2026-07-08T11:39:30.766666Z,1783510770,766666,1,0x0000,true,59.991562,0.000062,88,89.989899,35.669690,65.016266,178.130828,50.000000,-144.500356,99.997269,146.444665,65.025826,108.066386,64.985649,143.953449,0.000000,0.000000,0.000000,0x0003
2026-07-08T11:39:30.8Z,1783510770,800000,1,0x0000,true,59.998798,0.000241,88,95.006538,70.950058,70.014595,-180.000005,55.003620,-108.069241,50.000000,-180.000005,70.023705,143.386571,69.983452,179.237838,0.000000,0.000000,0.000000,0x0004
2026-07-08T11:39:30.833333Z,1783510770,833333,1,0x0000,true,59.994183,-0.000154,88,50.000000,106.932950,75.009811,-144.314247,60.013554,-72.383080,54.985882,-143.228507,75.021584,179.960130,74.976959,-180.000005,0.000000,0.000000,0.000000,0x0005
2026-07-08T11:39:30.866666Z,1783510770,866666,1,0x0000,true,60.008007,0.000461,88,54.998684,142.361373,79.998871,-108.693424,65.011261,-37.253320,59.969902,-106.893096,80.017052,-180.000005,79.977264,-144.137359,0.000000,0.000000,0.000000,0x0006
2026-07-08T11:39:30.9Z,1783510770,900000,1,0x0000,true,59.993065,-0.000498,88,60.006481,177.504076,84.996841,-73.551193,69.994652,-0.394037,64.977463,-70.012478,85.026344,-143.773242,84.965858,-108.998741,0.000000,0.000000,0.000000,0x0007
2026-07-08T11:39:30.933333Z,1783510770,933333,1,0x0000,true,60.015247,0.000739,88,65.022736,-180.000005,89.987373,-36.991792,75.009308,34.664323,69.972755,-33.226579,90.013641,-108.096411,89.962593,-72.158749,0.000000,0.000000,0.000000,0x0008
2026-07-08T11:39:30.966666Z,1783510770,966666,1,0x0000,true,60.003704,-0.000385,88,70.034576,-144.424651,94.979424,-1.448725,80.019096,71.530891,74.977654,2.197935,95.020203,-72.863078,94.966949,-37.029454,0.000000,0.000000,0.000000,0x0009
2026-07-08T11:39:31Z,1783510771,0,1,0x0000,true,60.013996,0.000343,88,75.033882,-108.051878,99.979530,34.478798,85.025269,107.476831,79.993706,38.449993,50.000000,-36.510069,99.971275,-1.604882,0.000000,0.000000,0.000000,0x000A
2026-07-08T11:39:31.033333Z,1783510771,33333,1,0x0000,true,59.996521,-0.000583,88,80.019020,-72.031510,50.000000,70.856287,90.037743,143.927700,84.998116,73.551254,54.999722,0.275307,50.000000,34.310458,0.000000,0.000000,0.000000,0x000B
2026-07-08T11:39:31.066666Z,1783510771,66666,1,0x0000,true,59.993092,-0.000114,88,85.026855,-36.798290,55.009434,106.177340,95.024368,-180.000005,90.005325,110.208108,60.000549,36.949534,55.002228,70.113012,0.000000,0.000000,0.000000,0x000C
2026-07-08T11:39:31.1Z,1783510771,100000,1,0x0000,true,59.994034,0.000031,88,90.011879,-1.501947,60.000851,141.401472,50.000000,-144.317512,95.015594,146.320042,65.011940,73.375930,59.998322,106.116421,0.000000,0.000000,0.000000,0x000D
2026-07-08T11:39:31.133333Z,1783510771,133333,1,0x0000,true,60.010380,0.000545,88,95.009438,34.770396,64.991745,177.949514,55.004776,-108.243752,50.000000,-180.000005,70.004562,109.890681,64.987823,142.565132,0.000000,0.000000,0.000000,0x000E
2026-07-08T11:39:31.166666Z,1783510771,166666,1,0x0000,true,59.998222,-0.000405,88,50.000000,70.652283,70.002304,-180.000005,60.019493,-73.109676,54.991089,-144.140911,74.998611,145.921541,70.000145,179.060649,0.000000,0.000000,0.000000,0x000F
2026-07-08T11:39:31.2Z,1783510771,200000,1,0x0000,true,59.999775,0.000052,88,54.989769,106.455540,74.997391,-143.820684,65.023445,-36.957576,59.982609,-108.836059,80.005035,-180.000005,74.996231,-180.000005,0.000000,0.000000,0.000000,0x0000
2026-07-08T11:39:31.233333Z,1783510771,233333,1,0x0000,true,59.996483,-0.000110,88,59.999027,142.892489,80.008255,-108.598655,70.036507,-1.200366,64.991249,-73.377275,84.994469,-144.566336,79.982056,-144.787074,0.000000,0.000000,0.000000,0x0001
2026-07-08T11:39:31.266666Z,1783510771,266666,1,0x0000,true,59.991035,-0.000182,88,64.990898,178.644568,85.001587,-73.387937,75.030663,34.487719,69.976700,-37.808447,90.008736,-109.081960,84.987701,-108.959569,0.000000,0.000000,0.000000,0x0002
2026-07-08T11:39:31.3Z,1783510771,300000,1,0x0000,true,60.015686,0.000822,88,69.990479,-180.000005,90.007851,-38.327419,80.020981,70.527850,74.964592,-2.294465,95.016312,-73.406290,89.986488,-73.002202,0.000000,0.000000,0.000000,0x0003
2026-07-08T11:39:31.333333Z,1783510771,333333,1,0x0000,true,60.001247,-0.000481,88,74.975555,-144.714906,95.006119,-1.642003,85.036972,106.711597,79.954285,33.575178,50.000000,-37.808143,94.974007,-36.163960,0.000000,0.000000,0.000000,0x0004
2026-07-08T11:39:31.366666Z,1783510771,366666,1,0x0000,true,60.010101,0.000295,88,79.962875,-109.171428,50.000000,34.272755,90.025528,141.941371,84.947807,69.784166,54.995075,-2.145298,99.984764,-0.068457,0.000000,0.000000,0.000000,0x0005
2026-07-08T11:39:31.4Z,1783510771,400000,1,0x0000,true,59.992252,-0.000595,88,84.976532,-72.252111,54.987495,70.306880,95.031242,177.566791,89.943016,105.138270,60.009003,33.758500,50.000000,36.393840,0.000000,0.000000,0.000000,0x0006
2026-07-08T11:39:31.433333Z,1783510771,433333,1,0x0000,true,59.993126,0.000029,88,89.964615,-35.950451,59.994381,105.787056,50.000000,-180.000005,94.940460,141.389396,65.013527,70.707894,55.000324,72.441260,0.000000,0.000000,0.000000,0x0007
2026-07-08T11:39:31.466666Z,1783510771,466666,1,0x0000,true,60.008602,0.000516,88,94.968758,0.964670,64.997742,140.834170,55.001003,-143.663371,99.949486,176.796250,70.010956,107.599412,60.015938,108.376128,0.000000,0.000000,0.000000,0x0008
2026-07-08T11:39:31.5Z,1783510771,500000,1,0x0000,true,60.000633,-0.000266,88,99.957176,37.498541,69.984306,176.188514,60.003662,-106.721323,50.000000,-180.000005,75.024612,143.914654,65.018982,144.112593,0.000000,0.000000,0.000000,0x0009
2026-07-08T11:39:31.533333Z,1783510771,533333,1,0x0000,true,60.011578,0.000365,88,50.000000,74.107833,74.985420,-180.000005,64.992546,-71.201689,55.013908,-144.500015,80.027321,179.478534,70.023315,179.158717,0.000000,0.000000,0.000000,0x000A
2026-07-08T11:39:31.566666Z,1783510771,566666,1,0x0000,true,59.984215,-0.000912,88,54.984886,110.850309,79.987617,-143.328050,70.001122,-35.954133,60.007332,-109.132681,85.015457,-180.000005,75.030014,-180.000005,0.000000,0.000000,0.000000,0x000B
2026-07-08T11:39:31.6Z,1783510771,600000,1,0x0000,true,60.002243,0.000601,88,59.993793,147.451039,84.985619,-108.222360,74.985855,0.206242,65.022293,-73.601681,90.016197,-143.981440,80.034744,-144.840227,0.000000,0.000000,0.000000,0x000C
2026-07-08T11:39:31.633333Z,1783510771,633333,1,0x0000,true,59.988701,-0.000451,88,64.998558,-180.000005,89.994133,-72.723995,79.981308,35.492036,70.017014,-36.825747,95.030022,-108.413714,85.020477,-108.902681,0.000000,0.000000,0.000000,0x000D
2026-07-08T11:39:31.666666Z,1783510771,666666,1,0x0000,true,60.009987,0.000710,88,69.988213,-144.900373,94.993263,-36.645686,84.990028,71.379753,75.002365,-0.480314,50.000000,-71.526335,90.036652,-72.635934,0.000000,0.000000,0.000000,0x000E
2026-07-08T11:39:31.7Z,1783510771,700000,1,0x0000,true,60.015240,0.000175,88,74.992653,-108.633045,99.985062,-0.570817,89.997116,107.135390,80.004044,36.395524,54.988888,-34.651373,95.043205,-36.515602,0.000000,0.000000,0.000000,0x000F
2026-07-08T11:39:31.733333Z,1783510771,733333,1,0x0000,true,60.007584,-0.000255,88,79.995239,-72.716946,50.000000,36.190136,94.984711,143.363895,85.017891,71.977818,59.979671,1.117145,50.000000,0.417646,0.000000,0.000000,0.000000,0x0000
2026-07-08T11:39:31.766666Z,1783510771,766666,1,0x0000,true,59.988720,-0.000629,88,84.982300,-36.034213,54.993977,71.526813,99.986412,179.355303,90.009232,108.516236,64.989624,36.956887,54.992805,37.081903,0.000000,0.000000,0.000000,0x0001
2026-07-08T11:39:31.8Z,1783510771,800000,1,0x0000,true,59.996250,0.000251,88,89.971672,0.565405,59.997887,107.096690,50.000000,-180.000005,95.016693,144.472380,70.002419,72.609706,59.995876,73.873981,0.000000,0.000000,0.000000,0x0002
2026-07-08T11:39:31.833333Z,1783510771,833333,1,0x0000,true,60.015141,0.000630,88,94.972572,36.177251,64.992462,143.905146,54.992462,-143.613484,50.000000,-180.000005,74.989723,108.084868,64.980103,110.180070,0.000000,0.000000,0.000000,0x0003
2026-07-08T11:39:31.866666Z,1783510771,866666,1,0x0000,true,60.012833,-0.000077,88,99.957970,72.275668,70.002419,-180.000005,59.983452,-107.572768,55.008606,-143.810193,79.981682,144.499605,69.982712,145.508929,0.000000,0.000000,0.000000,0x0004
2026-07-08T11:39:31.9Z,1783510771,900000,1,0x0000,true,60.009991,-0.000095,88,50.000000,107.931401,74.985985,-143.840041,64.987656,-71.350028,60.008080,-108.214669,84.977776,-180.000005,74.982574,-180.000005,0.000000,0.000000,0.000000,0x0005
2026-07-08T11:39:31.933333Z,1783510771,933333,1,0x0000,true,60.009140,-0.000028,88,55.012562,143.895229,79.989380,-107.611994,69.983871,-35.832374,65.018517,-72.664142,89.967163,-143.113391,79.981628,-143.965935,0.000000,0.000000,0.000000,0x0006
2026-07-08T11:39:31.966666Z,1783510771,966666,1,0x0000,true,60.015507,0.000212,88,59.996521,179.216405,85.005592,-70.824929,74.999153,-0.177631,70.012642,-36.111968,94.958290,-107.982873,84.987541,-107.809407,0.000000,0.000000,0.000000,0x0007
2026-07-08T11:39:32Z,1783510772,0,1,0x0000,true,60.002892,-0.000421,88,64.996895,-180.000005,90.002464,-34.924977,79.996056,36.742794,75.005539,0.108966,99.954979,-71.552809,89.978722,-72.408673,0.000000,0.000000,0.000000,0x0008
2026-07-08T11:39:32.033333Z,1783510772,33333,1,0x0000,true,60.014740,0.000395,88,69.981339,-144.899963,95.009041,0.589880,85.008835,73.283019,79.994263,36.598541,50.000000,-34.760670,94.980598,-37.355906,0.000000,0.000000,0.000000,0x0009
2026-07-08T11:39:32.066666Z,1783510772,66666,1,0x0000,true,59.996487,-0.000608,88,74.984261,-108.208604,99.996910,36.276330,89.999886,110.001132,85.010841,73.210284,54.991131,1.268445,99.967239,-1.204391,0.000000,0.000000,0.000000,0x000A
2026-07-08T11:39:32.1Z,1783510772,100000,1,0x0000,true,60.007057,0.000352,88,79.995178,-72.288830,50.000000,71.774339,94.997566,145.338571,90.004074,109.730636,59.994404,38.117179,50.000000,35.380424,0.000000,0.000000,0.000000,0x000B
2026-07-08T11:39:32.133333Z,1783510772,133333,1,0x0000,true,59.999931,-0.000238,88,85.004974,-36.147338,54.996197,107.380819,50.000000,-180.000005,95.003395,145.440573,64.985641,73.568330,54.999401,70.838508,0.000000,0.000000,0.000000,0x000C
2026-07-08T11:39:32.166666Z,1783510772,166666,1,0x0000,true,60.011272,0.000378,88,90.000443,0.116611,60.002167,142.472050,55.013802,-143.076139,50.000000,-180.000005,69.978302,110.313955,59.990524,106.840872,0.000000,0.000000,0.000000,0x000D
2026-07-08T11:39:32.2Z,1783510772,200000,1,0x0000,true,60.006618,-0.000155,88,95.010902,35.569743,65.008064,179.176762,60.008308,-106.225192,54.989189,-143.929626,74.964760,146.535766,64.994797,143.562954,0.000000,0.000000,0.000000,0x000E
2026-07-08T11:39:32.233333Z,1783510772,233333,1,0x0000,true,59.988968,-0.000588,88,50.000000,72.422907,70.000145,-180.000005,64.994293,-70.259376,59.982483,-108.226676,79.965202,-180.000005,69.999855,-180.000005,0.000000,0.000000,0.000000,0x000F
2026-07-08T11:39:32.266666Z,1783510772,266666,1,0x0000,true,59.984653,-0.000144,88,54.992981,108.881063,74.988899,-144.108044,70.005592,-33.717229,64.983231,-72.829966,84.957611,-144.626141,74.994179,-143.552572,0.000000,0.000000,0.000000,0x0000
2026-07-08T11:39:32.3Z,1783510772,300000,1,0x0000,true,60.010326,0.000856,88,59.996796,145.407187,79.974289,-108.841482,74.990608,3.134419,69.989578,-37.628981,89.967087,-109.014416,79.999283,-108.243759,0.000000,0.000000,0.000000,0x0001
2026-07-08T11:39:32.333333Z,1783510772,333333,1,0x0000,true,59.991245,-0.000636,88,64.998360,-180.000005,84.987740,-72.264535,79.993477,38.898450,74.983932,-1.179099,94.966766,-73.012810,85.002365,-72.044214,0.000000,0.000000,0.000000,0x0002
2026-07-08T11:39:32.366666Z,1783510772,366666,1,0x0000,true,59.997631,0.000213,88,69.989815,-144.423831,89.978088,-36.802835,84.994896,75.359758,79.983543,34.127269,99.958878,-36.151604,89.996887,-36.249409,0.000000,0.000000,0.000000,0x0003
2026-07-08T11:39:32.4Z,1783510772,400000,1,0x0000,true,59.988819,-0.000294,88,74.995743,-108.576976,94.979355,-1.341252,89.990662,112.173290,84.997147,70.044649,50.000000,0.265230,94.980583,0.354756,0.000000,0.000000,0.000000,0x0004
2026-07-08T11:39:32.433333Z,1783510772,433333,1,0x0000,true,59.989449,0.000021,88,80.008469,-72.045320,99.977379,34.482231,94.977798,147.725804,89.987816,106.924856,55.014503,37.024786,99.978203,37.035683,0.000000,0.000000,0.000000,0x0005
2026-07-08T11:39:32.466666Z,1783510772,466666,1,0x0000,true,60.001995,0.000418,88,85.020218,-35.190992,50.000000,70.998382,99.983727,-180.000005,95.004158,142.267130,60.022335,72.354468,50.000000,73.074124,0.000000,0.000000,0.000000,0x0006
2026-07-08T11:39:32.5Z,1783510772,500000,1,0x0000,true,59.984505,-0.000583,88,90.026314,1.562152,54.986576,107.457823,50.000000,-144.531024,50.000000,178.077143,65.035400,107.681996,54.999035,109.806930,0.000000,0.000000,0.000000,0x0007
2026-07-08T11:39:32.533333Z,1783510772,533333,1,0x0000,true,59.999725,0.000507,88,95.019836,36.875631,59.994385,142.587753,54.989277,-109.354108,55.002182,-180.000005,70.040916,143.175750,60.012703,145.232662,0.000000,0.000000,0.000000,0x0008
2026-07-08T11:39:32.566666Z,1783510772,566666,1,0x0000,true,59.993492,-0.000208,88,50.000000,73.157883,65.008202,179.162487,59.982906,-74.113310,60.012600,-143.466771,75.056915,178.989738,65.015366,-180.000005,0.000000,0.000000,0.000000,0x0009
2026-07-08T11:39:32.6Z,1783510772,600000,1,0x0000,true,60.012936,0.000648,88,54.989979,108.349599,70.021416,-180.000005,64.977448,-37.723347,64.996475,-107.533125,80.059006,-180.000005,70.022675,-143.317217,0.000000,0.000000,0.000000,0x000A
2026-07-08T11:39:32.633333Z,1783510772,633333,1,0x0000,true,59.996288,-0.000555,88,59.977852,145.005353,75.019882,-143.683193,69.983322,-1.007389,69.999496,-72.476981,85.044899,-144.187657,75.034424,-107.116511,0.000000,0.000000,0.000000,0x000B
2026-07-08T11:39:32.666666Z,1783510772,666666,1,0x0000,true,60.000507,0.000141,88,64.972740,-180.000005,80.023003,-107.241415,74.977394,34.095386,74.999039,-35.882259,90.060043,-108.996459,80.045647,-71.429244,0.000000,0.000000,0.000000,0x000C
2026-07-08T11:39:32.7Z,1783510772,700000,1,0x0000,true,60.016033,0.000518,88,69.969116,-143.643960,85.007774,-70.839266,79.980904,69.906570,80.001122,1.006109,95.076569,-72.058434,85.056763,-36.288057,0.000000,0.000000,0.000000,0x000D
